<?xml version='1.0' encoding='UTF-8'?>  
<!DOCTYPE hibernate-mapping PUBLIC  
 "-//Hibernate/Hibernate Mapping DTD 3.0//EN"  
 "http://hibernate.sourceforge.net/hibernate-mapping-3.0.dtd"> 
 
 <hibernate-mapping>
   <class name="LoginDetails" table="logindetails" schema="sample">
   <id name="id" column="id" type="int">
   <generator class="increment"></generator>
   </id>
   	<property name="firstname" column="firstname" type="string"></property>
   	<property name="lastname" column="lastname" type="string"></property>
   	<property name="username" column="username" type="string"></property>
   	<property name="password" column="password" type="string"></property>
   
   </class>
   
 
 </hibernate-mapping>